mysql> describe user;
+---------+-------------+------+-----+---------+-------+
| Field   | Type        | Null | Key | Default | Extra |
+---------+-------------+------+-----+---------+-------+
| user_id | varchar(10) | NO   | PRI | NULL    |       |
| role    | varchar(10) | YES  |     | NULL    |       |
| name    | varchar(30) | YES  |     | NULL    |       |
| dept    | varchar(20) | YES  |     | NULL    |       |
| phone   | varchar(10) | YES  |     | NULL    |       |
+---------+-------------+------+-----+---------+-------+
5 rows in set (0.06 sec)

mysql> describe issue;
+-------------+-------------+------+-----+---------+-------+
| Field       | Type        | Null | Key | Default | Extra |
+-------------+-------------+------+-----+---------+-------+
| user_id     | varchar(10) | NO   | PRI | NULL    |       |
| book_code   | varchar(10) | NO   | PRI | NULL    |       |
| issued_on   | date        | YES  |     | NULL    |       |
| return_date | date        | YES  |     | NULL    |       |
+-------------+-------------+------+-----+---------+-------+
4 rows in set (0.01 sec)

mysql> describe login_details;
+------------+-------------+------+-----+---------+-------+
| Field      | Type        | Null | Key | Default | Extra |
+------------+-------------+------+-----+---------+-------+
| user_id    | varchar(10) | NO   | PRI | NULL    |       |
| password   | varchar(10) | NO   | PRI | NULL    |       |
| login_time | datetime    | YES  |     | NULL    |       |
+------------+-------------+------+-----+---------+-------+

mysql> describe book;
+-----------+-------------+------+-----+---------+-------+
| Field     | Type        | Null | Key | Default | Extra |
+-----------+-------------+------+-----+---------+-------+
| book_code | varchar(10) | NO   | PRI | NULL    |       |
| name      | varchar(30) | YES  |     | NULL    |       |
| author    | varchar(20) | YES  |     | NULL    |       |
| publisher | varchar(20) | YES  |     | NULL    |       |
| pages     | int         | YES  |     | NULL    |       |
| keyword   | varchar(20) | YES  |     | NULL    |       |
| rack      | varchar(10) | YES  |     | NULL    |       |
| issued    | varchar(5)  | YES  |     | NULL    |       |
+-----------+-------------+------+-----+---------+-------+

mysql> select * from user;
+---------+-------+-----------+------------+------------+
| user_id | role  | name      | dept       | phone      |
+---------+-------+-----------+------------+------------+
| 1001    | admin | Admin1    | Library    | 9800190223 |
| 1002    | admin | Admin2    | Library    | 9125823126 |
| 3019    | user  | Anushka   | Computer   | 9922500125 |
| 3020    | user  | Anuja     | Electrical | 9800066888 |
| 5040    | user  | Haripriya | ENTC       | 8455510211 |
+---------+-------+-----------+------------+------------+

mysql> select * from login_details;
+---------+-----------+---------------------+
| user_id | password  | login_time          |
+---------+-----------+---------------------+
| 1001    | adm123    | NULL                |
| 1002    | adm002    | NULL                |
| 3019    | nushki123 | 2021-11-11 12:46:05 |
| 3020    | amagno3   | NULL                |
| 5040    | hari12    | 2021-11-12 10:24:37 |
+---------+-----------+---------------------+

mysql> select * from book;
+-----------+--------------------+-----------------+-----------+-------+-----------+-------+--------+
| book_code | name               | author          | publisher | pages | keyword   | rack  | issued |
+-----------+--------------------+-----------------+-----------+-------+-----------+-------+--------+
| C2005     | Mrs.Funnybones     | Twinkle Khanna  | Bloggers  |   300 | Comedy    | CO-02 | 0      |
| F2001     | Mahashweta         | Sudha Murthy    | Penguin   |   250 | Fiction   | FI-01 | 0      |
| F2002     | Wise and Otherwise | Sudha Murthy    | Crossword |   300 | Fiction   | FI-02 | 0      |
| F2003     | Oliver Twist       | Charles Dickens | Penguin   |   210 | Fiction   | FI-03 | 0      |
| M2010     | Kalki              | Kelvin Missal   | Crossword |   500 | Mythology | M-01  | 0      |
+-----------+--------------------+-----------------+-----------+-------+-----------+-------+--------+

mysql> select * from issue;
+---------+-----------+------------+-------------+
| user_id | book_code | issued_on  | return_date |
+---------+-----------+------------+-------------+
| 3019    | C2001     | 2021-11-10 | NULL        |
| 3019    | F2001     | 2021-11-12 | NULL        |
| 3019    | M2001     | 2021-11-12 | 2021-11-12  |
| 5040    | F2001     | 2021-11-12 | NULL        |
| 5040    | M2001     | 2021-11-12 | NULL        |
+---------+-----------+------------+-------------+